use lviv_croissant;
-- 1
insert into head_office 
  (id_head,name, phone, address, bank_name, bank_no) 
values
  (1,'Головний офіс "Львівські Круасани"', '+380971234567', 'Вулиця Наливайка, 45а', 'АТ "Ощадбанк"', '4734 2312 2893 2333');
  -- 2
insert into shops
  (id_shops,name, address)
values
  (1,'Львівські Круасани №1', 'Вулиця Володимира Великого, 2'),
  (2,'Львівські Круасани №2', 'Площа Ринок, 14'),
  (3,'Львівські Круасани №3', 'Проспект Шевченка, 8');
-- 3
insert into staff
  (id_staff,name, phone, address, position, salary, id_shops)
values
  (1,'Бремен Максим', '+380502679092', 'Вулиця Музична, 7', 'Кухар-продавець', '15000',1),
  (2,'Троян Людмила', '+380673631576', 'Вулиця Технологічна, 101', 'Менеджер', '18000', 1),
  (3,'Франченко Сергій', '+380963421655', 'Вулиця Шевченка, 232', 'Кухар-продавець', '15000',2),
  (4,'Пес Анастасія', '+380992165634', 'Вулиця Польова, 8', 'Менеджер', '18000', 2),
  (5,'Штірліц Андрій', '+380988402075', 'Вулиця Німецька, 62', 'Кухар-продавець', '15000', 3),
  (6,'Зуб Афанасій', '+380671303575', 'Вулиця Наукова, 115', 'Менеджер', '18000', 3);
 -- 4
insert into ingredients
  (id_ingr,name, price)
values
  (1,'Борошно', '80'),
  (2,'Помідор', '65'),
  (3,'Майонез', '60'),
  (4,'Кетчуп', '120'),
  (5,'Філе куряче', '120'),
  (6,'Салат', '50'),
  (7,'Гриби', '100'),
  (8,'Шинка', '160'),
  (9,'Огірок', '30'),
  (10,'Шоколад', '220'),
  (11,'Банан', '70');
-- 5
insert into products
  (id_prod,name, price)
values
  (1,'Класичний', '30'),
  (2,'Галицький', '35'),
  (3,'Солодкий', '40'),
  (4,'З шинкою', '46');
-- 6 
insert into orders
  (id_order,date)
values
  (1,'2020-11-25 10:32:14'),
  (2,'2020-11-25 11:22:15'),
  (3,'2020-11-25 09:01:01'),
  (4,'2020-11-25 14:50:13'),
  (5,'2020-11-25 15:30:14'),
  (6,'2020-11-25 16:12:02'),
  (7,'2020-11-25 17:15:24'),
  (8,'2020-11-25 17:52:14'),
  (9,'2020-11-25 18:20:11'),
  (10,'2020-11-25 19:08:08');
-- 7 
insert into customers
  (id_cust,name, phone, address, birth)
values
  (1,'Бандура Катерина', '+380989733226','Вулиця Наливайка, 4', '1999-11-25'),
  (2,'Карпа Ірина', '+380939124537',  'Вулиця Франка, 24',  '1999-02-25'),
  (3,'Батанцева Анастасія', '+380679090564',  'Вулиця Бандери, 44',  '2002-12-25'), 
  (4,'Боярчук Віктор', '+380634382224',  'Вулиця Наукова, 76',  '1989-05-25'), 
  (5,'Овчаренко Анастасія', '+380953721934',  'Вулиця Пекарська, 12',  '2000-06-25'); 
-- 8
insert into salouts
  (id_salouts,id_cust, id_shops, id_order, sum)
values
  (1,2, 2, 1, '200'),
  (2,1, 2, 2, '100'),
  (3,2, 3, 3, '300'),
  (4,5, 1, 4, '50'),
  (5,4, 2, 5, '100'),
  (6,1, 3, 6, '200'),
  (7,2, 1, 7, '300'),
  (8,4, 2, 8, '200'),
  (9,3, 3, 9, '20'),
  (10,5, 1, 10, '500');
-- 9 
insert into contractors 
  (id_contr,name, phone, address, bank_name, bank_no)
values
  (1,'ТзОВ "Малина"', '+380995442653', 'Вулиця Чорновола, 4', 'Приват Банк', '5656 7854 2456 2342'),
  (2,'ТзОВ "Метро"', '+380983495123', 'Вулиця Сагайдачного, 4', 'Ощад Банк', '8594 9650 9403 0596'),
  (3,'ТзОВ "Гель"', '+380638349531', 'Вулиця Хмельницького, 4', 'Ощад Банк', '3829 9605 2857 3025'),
  (4,'ТзОВ "Нам"', '+380993453235', 'Вулиця Молодіжна, 4', 'Альфа Банк', '3920 6830 1503 0496'),
  (5,'ТзОВ "Квітка"', '+380953435692', 'Вулиця Свободи, 4', 'Моно Банк', '38195 0496 0539 3013');
